国外由来の外来種,定着を予防する外来種（定着予防外来種）,侵入予防外来種,哺乳類,ジャワマングース,Herpestes javanicus,4,未定着,,,特定外来,
国外由来の外来種,定着を予防する外来種（定着予防外来種）,侵入予防外来種,両生類,コキーコヤスガエル,Eleutherodactylus coqui,1,未定着,,,特定外来,
国外由来の外来種,定着を予防する外来種（定着予防外来種）,侵入予防外来種,両生類,ジョンストンコヤスガエル,Eleutherodactylus johnstonei,4,未定着,,,,
国外由来の外来種,定着を予防する外来種（定着予防外来種）,侵入予防外来種,両生類,オンシツガエル,Eleutherodactylus planirostris,4,未定着,,,未判定,
国外由来の外来種,定着を予防する外来種（定着予防外来種）,侵入予防外来種,両生類,キューバズツキガエル（キューバアマガエル）,Osteopilus septentrionalis,1,未定着,,,特定外来,
国外由来の外来種,定着を予防する外来種（定着予防外来種）,侵入予防外来種,魚類,ブラウンブルヘッド,Ameiurus nebulosus,4,未定着,,,未判定,
国外由来の外来種,定着を予防する外来種（定着予防外来種）,侵入予防外来種,魚類,フラットヘッドキャットフィッシュ,Pylodictis olivaris,14,未定着,,,未判定,
国外由来の外来種,定着を予防する外来種（定着予防外来種）,侵入予防外来種,魚類,ホワイトパーチ,Morone americana,4,未定着,,,,
国外由来の外来種,定着を予防する外来種（定着予防外来種）,侵入予防外来種,魚類,ラッフ,Gymnocephalus cernuus,1,未定着,,,未判定,
国外由来の外来種,定着を予防する外来種（定着予防外来種）,侵入予防外来種,魚類,ラウンドゴビー,Neogobius melanostomus,1,未定着,,,,
国外由来の外来種,定着を予防する外来種（定着予防外来種）,侵入予防外来種,昆虫類,ヒメテナガコガネ属,Propomacrus spp.,1,未定着,,,特定外来,
国外由来の外来種,定着を予防する外来種（定着予防外来種）,侵入予防外来種,昆虫類,ヒアリ（アカヒアリ）,Solenopsis invicta,13,未定着,,,特定外来,
国外由来の外来種,定着を予防する外来種（定着予防外来種）,侵入予防外来種,昆虫類,コカミアリ,Wasmannia auropunctata,13,未定着,,,特定外来,
国外由来の外来種,定着を予防する外来種（定着予防外来種）,侵入予防外来種,昆虫類,アフリカミツバチとアフリカ化ミツバチ,Apis mellifera scutellata,3,未定着,,,*,
国外由来の外来種,定着を予防する外来種（定着予防外来種）,侵入予防外来種,昆虫類,クモテナガコガネ属,Euchirus spp.,1,小笠原・南西諸島／未定着,,,特定外来,
国外由来の外来種,定着を予防する外来種（定着予防外来種）,侵入予防外来種,陸生節足動物,アトラクス属,Atrax spp.,3,未定着,,,特定外来,
国外由来の外来種,定着を予防する外来種（定着予防外来種）,侵入予防外来種,陸生節足動物,ハドロニュケ属,Hadronyche spp.,3,未定着,,,特定外来,
国外由来の外来種,定着を予防する外来種（定着予防外来種）,侵入予防外来種,陸生節足動物,イトグモ属3種,Lososceles spp.,3,未定着,,,特定外来,
国外由来の外来種,定着を予防する外来種（定着予防外来種）,侵入予防外来種,陸生節足動物,ジュウサンボシゴケグモ,Latrodectus tredecimguttatus,3,未定着,,,特定外来,
国外由来の外来種,定着を予防する外来種（定着予防外来種）,侵入予防外来種,その他の無脊椎動物,ムネミオプシス・レイディ,Mnemiopsis leidyi,1,未定着,,,*,
国外由来の外来種,定着を予防する外来種（定着予防外来種）,侵入予防外来種,その他の無脊椎動物,カワホトトギスガイ,Dreissena polymorpha,13,未定着,,,特定外来,
国外由来の外来種,定着を予防する外来種（定着予防外来種）,侵入予防外来種,その他の無脊椎動物,クワッガガイ,Dreissena bugensis,13,未定着,,,特定外来,
国外由来の外来種,定着を予防する外来種（定着予防外来種）,侵入予防外来種,その他の無脊椎動物,ディケロガマルス・ヴィロースス,Dikerogammarus vilosus,1,未定着,,,,
国外由来の外来種,定着を予防する外来種（定着予防外来種）,侵入予防外来種,その他の無脊椎動物,ヨーロッパミドリガニ,Carcinus maenus,1,未定着,,,*,
国外由来の外来種,定着を予防する外来種（定着予防外来種）,その他の定着予防外来種,哺乳類,フクロギツネ,Trichosurus vulpecula,14,未定着,,,特定外来,
国外由来の外来種,定着を予防する外来種（定着予防外来種）,その他の定着予防外来種,哺乳類,カニクイザル,Macaca fascicularis,14,未定着,,,特定外来,
国外由来の外来種,定着を予防する外来種（定着予防外来種）,その他の定着予防外来種,哺乳類,シママングース,Mungos mungos,14,未定着,,,特定外来,
国外由来の外来種,定着を予防する外来種（定着予防外来種）,その他の定着予防外来種,哺乳類,フェレット,Mustela furo,1,未定着,,,*,
国外由来の外来種,定着を予防する外来種（定着予防外来種）,その他の定着予防外来種,哺乳類,カニクイアライグマ,Procyon cancrivorus,134,未定着,,,特定外来,
国外由来の外来種,定着を予防する外来種（定着予防外来種）,その他の定着予防外来種,哺乳類,アキシスジカ（アクシスジカ）属,Axis spp.,14,未定着,,,特定外来,
国外由来の外来種,定着を予防する外来種（定着予防外来種）,その他の定着予防外来種,哺乳類,ダマシカ属,Dama spp.,14,未定着,,,特定外来,
国外由来の外来種,定着を予防する外来種（定着予防外来種）,その他の定着予防外来種,哺乳類,シフゾウ,Elaphulrs davidlanus,14,未定着,,,特定外来,
国外由来の外来種,定着を予防する外来種（定着予防外来種）,その他の定着予防外来種,哺乳類,タイリクモモンガ,Pteromys volans,1,未定着,,,特定外来,
国外由来の外来種,定着を予防する外来種（定着予防外来種）,その他の定着予防外来種,哺乳類,トウブハイイロリス,Sciurus carolinensis,13,未定着,,,特定外来,
国外由来の外来種,定着を予防する外来種（定着予防外来種）,その他の定着予防外来種,哺乳類,フィンレイソンリス,Callosciurus finlaysonii,13,未定着,,,特定外来,
国外由来の外来種,定着を予防する外来種（定着予防外来種）,その他の定着予防外来種,鳥類,シリアカヒヨドリ,Pycnonotus cafer,1,未定着,,,*,
国外由来の外来種,定着を予防する外来種（定着予防外来種）,その他の定着予防外来種,鳥類,メジロ,Zosterops spp.,1,未定着,,,*,
国外由来の外来種,定着を予防する外来種（定着予防外来種）,その他の定着予防外来種,爬虫類,ワニガメ属,Macrochelys spp.,34,未定着,,,*,
国外由来の外来種,定着を予防する外来種（定着予防外来種）,その他の定着予防外来種,爬虫類,ニシキガメ属,Chrysemys spp.,4,未定着,,,,
国外由来の外来種,定着を予防する外来種（定着予防外来種）,その他の定着予防外来種,爬虫類,チズガメ属3種（ミシシッピチズガメ、フトマユチズガメ（サビーンチズガメを含む）、ニセチズガメ）,Graptemys spp.,4,未定着,,,*,
国外由来の外来種,定着を予防する外来種（定着予防外来種）,その他の定着予防外来種,爬虫類,クーターガメ属,Pseudemys spp.,4,未定着,,,*,
国外由来の外来種,定着を予防する外来種（定着予防外来種）,その他の定着予防外来種,爬虫類,チュウゴクセマルハコガメ,Cuora flavomarginata flavomarginata,4,未定着,,,,
国外由来の外来種,定着を予防する外来種（定着予防外来種）,その他の定着予防外来種,爬虫類,ハナガメ,Mauremys sinensis,4,未定着,,,*,
国外由来の外来種,定着を予防する外来種（定着予防外来種）,その他の定着予防外来種,爬虫類,アメリカスッポン属,Apalone spp.,4,未定着,,,*,
国外由来の外来種,定着を予防する外来種（定着予防外来種）,その他の定着予防外来種,爬虫類,ブラウンアノール,Anolis sagrei,1,未定着,,,特定外来,
国外由来の外来種,定着を予防する外来種（定着予防外来種）,その他の定着予防外来種,爬虫類,特定外来生物のアノール属（グリーンアノール、ブラウンアノール除く）,Anolis spp.,4,未定着,,,特定外来,
国外由来の外来種,定着を予防する外来種（定着予防外来種）,その他の定着予防外来種,爬虫類,ヒョウモントカゲモドキ,Eublepharis macularius,4,未定着,,,*,
国外由来の外来種,定着を予防する外来種（定着予防外来種）,その他の定着予防外来種,爬虫類,ミナミオオガシラ,Boiga irregularis,1,未定着,,,特定外来,
国外由来の外来種,定着を予防する外来種（定着予防外来種）,その他の定着予防外来種,爬虫類,特定外来生物のオオガシラ属（ミナミオオガシラを除く）,Boiga spp.,4,未定着,,,特定外来,
国外由来の外来種,定着を予防する外来種（定着予防外来種）,その他の定着予防外来種,両生類,特定外来生物のヒキガエル属（オオヒキガエルを除く）,Bufo spp.,4,未定着,,,特定外来,
国外由来の外来種,定着を予防する外来種（定着予防外来種）,その他の定着予防外来種,両生類,ヨーロッパミドリヒキガエルなどヒキガエル属5種（ヨーロッパミドリヒキガエル、テキサスミドリヒキガエル、ナンブヒキガエル、ガルフコーストヒキガエル、ロココヒキガエル（キャハンヒキガエル））,Bufo spp.,4,未定着,,,*,
国外由来の外来種,定着を予防する外来種（定着予防外来種）,その他の定着予防外来種,両生類,アジアジムグリガエル,Kaloula pulchra,4,未定着,,,,
国外由来の外来種,定着を予防する外来種（定着予防外来種）,その他の定着予防外来種,両生類,ヘリグロヒキガエル,Bufo melanostictus,4,未定着,,,未判定,
国外由来の外来種,定着を予防する外来種（定着予防外来種）,その他の定着予防外来種,魚類,ガー科,Lepisosteidae Gen. spp.,14,未定着,,,,
国外由来の外来種,定着を予防する外来種（定着予防外来種）,その他の定着予防外来種,魚類,レッドホースミノー,Cyprinella lutrensis,1,未定着,,,,
国外由来の外来種,定着を予防する外来種（定着予防外来種）,その他の定着予防外来種,魚類,ヨーロッパナマズ,Silurus glanis,1,未定着,,,*,
国外由来の外来種,定着を予防する外来種（定着予防外来種）,その他の定着予防外来種,魚類,ノーザンパイク,Esox lucius,1,未定着,,,特定外来,
国外由来の外来種,定着を予防する外来種（定着予防外来種）,その他の定着予防外来種,魚類,マスキーパイク,Esox masquinongy,1,未定着,,,特定外来,
国外由来の外来種,定着を予防する外来種（定着予防外来種）,その他の定着予防外来種,魚類,パイク科,Esocidae spp.,1,未定着,,,未判定,
国外由来の外来種,定着を予防する外来種（定着予防外来種）,その他の定着予防外来種,魚類,ガンブシア・ホルブローキ,Gambusia holbrooki,14,未定着,,,未判定,
国外由来の外来種,定着を予防する外来種（定着予防外来種）,その他の定着予防外来種,魚類,ケツギョ,Siniperca chuatsi,1,未定着,,,特定外来,
国外由来の外来種,定着を予防する外来種（定着予防外来種）,その他の定着予防外来種,魚類,コウライケツギョ,Siniperca scherzeri,1,未定着,,,特定外来,
国外由来の外来種,定着を予防する外来種（定着予防外来種）,その他の定着予防外来種,魚類,ナイルパーチ,Lates niloticus,1,未定着,,,*,
国外由来の外来種,定着を予防する外来種（定着予防外来種）,その他の定着予防外来種,魚類,ストライプトバス,Morone saxatilis,1,未定着,,,特定外来,
国外由来の外来種,定着を予防する外来種（定着予防外来種）,その他の定着予防外来種,魚類,ホワイトバス,Morone chrysops,1,未定着,,,特定外来,
国外由来の外来種,定着を予防する外来種（定着予防外来種）,その他の定着予防外来種,魚類,ヨーロピアンパーチ,Perca fluviatilis,1,未定着,,,特定外来,
国外由来の外来種,定着を予防する外来種（定着予防外来種）,その他の定着予防外来種,魚類,パイクパーチ,Sander lucioperca,1,未定着,,,特定外来,
国外由来の外来種,定着を予防する外来種（定着予防外来種）,その他の定着予防外来種,魚類,スポッテッドティラピア,Tilapia mariae,14,未定着,,,,
国外由来の外来種,定着を予防する外来種（定着予防外来種）,その他の定着予防外来種,魚類,オリノコセイルフィンキャットフィッシュ,Pterygoplichthys multiradiatus,1,小笠原・南西諸島／未定着,,,,
国外由来の外来種,定着を予防する外来種（定着予防外来種）,その他の定着予防外来種,昆虫類,クワガタムシ,Lucanidae Gen spp.,1,未定着,,,,外国産
国外由来の外来種,定着を予防する外来種（定着予防外来種）,その他の定着予防外来種,昆虫類,カブトムシ,Dynastinae Gen. spp.,1,未定着,,,,外国産
国外由来の外来種,定着を予防する外来種（定着予防外来種）,その他の定着予防外来種,昆虫類,外国産テナガコガネ属,Cheirotonus spp.,1,小笠原・南西諸島／未定着,,,特定外来,
国外由来の外来種,定着を予防する外来種（定着予防外来種）,その他の定着予防外来種,陸生節足動物,キョクトウサソリ科,Buthidae Gen. spp.,3,未定着,,,特定外来,
国外由来の外来種,定着を予防する外来種（定着予防外来種）,その他の定着予防外来種,その他の無脊椎動物,アスタクス属,Astacus spp.,1,未定着,,,特定外来,
国外由来の外来種,定着を予防する外来種（定着予防外来種）,その他の定着予防外来種,その他の無脊椎動物,ミステリークレイフィッシュ,Procambarus fallax,4,未定着,,,,
国外由来の外来種,定着を予防する外来種（定着予防外来種）,その他の定着予防外来種,その他の無脊椎動物,ラスティークレイフィッシュ,Orconectes rusticus,1,未定着,,,特定外来,
国外由来の外来種,定着を予防する外来種（定着予防外来種）,その他の定着予防外来種,その他の無脊椎動物,ケラクス属,Cherax spp.,1,未定着,,,特定外来,
国外由来の外来種,定着を予防する外来種（定着予防外来種）,その他の定着予防外来種,その他の無脊椎動物,外国産モクズガニ属,Eriocheir spp.,1,未定着,,,特定外来,
国外由来の外来種,総合的に対策が必要な外来種（総合対策外来種）,緊急対策外来種,哺乳類,タイワンザル,Macaca cyclopis,13,定着初期／限定分布,14,5,特定外来,
国外由来の外来種,総合的に対策が必要な外来種（総合対策外来種）,緊急対策外来種,哺乳類,アカゲザル,Macaca muｌatta,13,定着初期／限定分布,14,5,特定外来,
国外由来の外来種,総合的に対策が必要な外来種（総合対策外来種）,緊急対策外来種,哺乳類,ノネコ,Felis silvestris catus,12,分布拡大期～まん延期,123,5,,
国外由来の外来種,総合的に対策が必要な外来種（総合対策外来種）,緊急対策外来種,哺乳類,フイリマングース,Herpestes auropunctatus,1,定着初期／限定分布,123,5,特定外来,
国外由来の外来種,総合的に対策が必要な外来種（総合対策外来種）,緊急対策外来種,哺乳類,アライグマ,Procyon lotor,12,分布拡大期～まん延期,1234,5,特定外来,
国外由来の外来種,総合的に対策が必要な外来種（総合対策外来種）,緊急対策外来種,哺乳類,キョン,Muntiacus reevesi,1,定着初期／限定分布,1,5,特定外来,
国外由来の外来種,総合的に対策が必要な外来種（総合対策外来種）,緊急対策外来種,哺乳類,ノヤギ,Capra hircus,12,定着初期／限定分布,1234,5,,
国外由来の外来種,総合的に対策が必要な外来種（総合対策外来種）,緊急対策外来種,哺乳類,タイワンリス,Callosiurus erythraecus,13,分布拡大期～まん延期,14,5,特定外来,
国外由来の外来種,総合的に対策が必要な外来種（総合対策外来種）,緊急対策外来種,哺乳類,キタリス,Sciurus vulgaris,1,定着初期／限定分布,1,5,特定外来,
国外由来の外来種,総合的に対策が必要な外来種（総合対策外来種）,緊急対策外来種,哺乳類,クマネズミ,Rattus rattus,12,分布拡大期～まん延期,1234,5,,
国外由来の外来種,総合的に対策が必要な外来種（総合対策外来種）,緊急対策外来種,哺乳類,ヌートリア,Myocastor coypus,13,分布拡大期～まん延期,14,5,特定外来,
国外由来の外来種,総合的に対策が必要な外来種（総合対策外来種）,緊急対策外来種,鳥類,インドクジャク,Pavo cristatus,123,分布拡大期～まん延期,1234,5,*,
国外由来の外来種,総合的に対策が必要な外来種（総合対策外来種）,緊急対策外来種,鳥類,カナダガン,Branta canadensis,1,分布拡大期～まん延期,13,5,特定外来,
国外由来の外来種,総合的に対策が必要な外来種（総合対策外来種）,緊急対策外来種,爬虫類,カミツキガメ,Chelydra serpentina,13,分布拡大期～まん延期,14,5,特定外来,
国外由来の外来種,総合的に対策が必要な外来種（総合対策外来種）,緊急対策外来種,爬虫類,アカミミガメ,Trachemys scripta,1,分布拡大期～まん延期,1,5,*,
国外由来の外来種,総合的に対策が必要な外来種（総合対策外来種）,緊急対策外来種,爬虫類,グリーンアノール,Anolis carolinensis,12,小笠原・南西諸島,123,5,特定外来,
国外由来の外来種,総合的に対策が必要な外来種（総合対策外来種）,緊急対策外来種,爬虫類,タイワンスジオ,Elaphe taeniura friesei,1,小笠原・南西諸島,123,5,特定外来,
国外由来の外来種,総合的に対策が必要な外来種（総合対策外来種）,緊急対策外来種,爬虫類,タイワンハブ,Protobothrops mucrosquamatus,13,小笠原・南西諸島,1234,5,特定外来,
国外由来の外来種,総合的に対策が必要な外来種（総合対策外来種）,緊急対策外来種,両生類,オオヒキガエル,Bufo marinus (Rhinella marina),12,小笠原・南西諸島,123,5,特定外来,
国外由来の外来種,総合的に対策が必要な外来種（総合対策外来種）,緊急対策外来種,魚類,アメリカナマズ,Ictalurus punctatus,1,分布拡大期～まん延期,123,5,特定外来,
国外由来の外来種,総合的に対策が必要な外来種（総合対策外来種）,緊急対策外来種,魚類,ブルーギル,Lepomis macrochirus,12,分布拡大期～まん延期,1234,5,特定外来,
国外由来の外来種,総合的に対策が必要な外来種（総合対策外来種）,緊急対策外来種,魚類,コクチバス,Micropterus dolomieu,1,分布拡大期～まん延期,123,5,特定外来,
国外由来の外来種,総合的に対策が必要な外来種（総合対策外来種）,緊急対策外来種,魚類,オオクチバス,Micropterus salmoides,12,分布拡大期～まん延期,1234,5,特定外来,
国外由来の外来種,総合的に対策が必要な外来種（総合対策外来種）,緊急対策外来種,昆虫類,アルゼンチンアリ,Linepithema humile,13,分布拡大期～まん延期,14,5,特定外来,
国外由来の外来種,総合的に対策が必要な外来種（総合対策外来種）,緊急対策外来種,昆虫類,アカカミアリ,Solenopsis geminata,13,定着初期／限定分布,124,5,特定外来,
国外由来の外来種,総合的に対策が必要な外来種（総合対策外来種）,緊急対策外来種,昆虫類,ツマアカスズメバチ,Vespa velutina,13,定着初期／限定分布,14,5,特定外来,
国外由来の外来種,総合的に対策が必要な外来種（総合対策外来種）,緊急対策外来種,陸生節足動物,ハイイロゴケグモ,Latrodectus geometricus,3,分布拡大期～まん延期,4,5,特定外来,
国外由来の外来種,総合的に対策が必要な外来種（総合対策外来種）,緊急対策外来種,陸生節足動物,セアカゴケグモ,Latrodectus hasseltii,3,分布拡大期～まん延期,4,5,特定外来,
国外由来の外来種,総合的に対策が必要な外来種（総合対策外来種）,緊急対策外来種,陸生節足動物,クロゴケグモ,Latrodectus mactans,3,定着初期／限定分布,4,5,特定外来,
,,,その他の無脊椎動物,カワヒバリガイ,Limnoperna spp.,13,分布拡大期～まん延期,14,5,特定外来,
国外由来の外来種,総合的に対策が必要な外来種（総合対策外来種）,緊急対策外来種,その他の無脊椎動物,ウチダザリガニ（タンカイザリガニを含む）,Pacifastacus leniusculus,1,定着初期／限定分布,123,5,特定外来,
国外由来の外来種,総合的に対策が必要な外来種（総合対策外来種）,緊急対策外来種,その他の無脊椎動物,アメリカザリガニ,Procambarus clarkii,1,分布拡大期～まん延期,13,5,*,
国外由来の外来種,総合的に対策が必要な外来種（総合対策外来種）,緊急対策外来種,その他の無脊椎動物,ニューギニアヤリガタリクウズムシ,Platydemus manokwari,12,小笠原・南西諸島,123,5,特定外来,
国外由来の外来種,総合的に対策が必要な外来種（総合対策外来種）,重点対策外来種,哺乳類,アナウサギ,Oryctolagus cuniculus,1,定着初期／限定分布,13,,,
国外由来の外来種,総合的に対策が必要な外来種（総合対策外来種）,重点対策外来種,哺乳類,ハリネズミ属（アムールハリネズミ（マンシュウハリネズミ）など）,Erinaceus spp.,1,定着初期／限定分布,1,,特定外来,
国外由来の外来種,総合的に対策が必要な外来種（総合対策外来種）,重点対策外来種,哺乳類,ハクビシン,Paguma larvata,3,分布拡大期～まん延期,14,,,
国外由来の外来種,総合的に対策が必要な外来種（総合対策外来種）,重点対策外来種,哺乳類,ノイヌ,Canis lupus,1,分布拡大期～まん延期,123,,,
国外由来の外来種,総合的に対策が必要な外来種（総合対策外来種）,重点対策外来種,哺乳類,ミンク,Neovison vison,1,分布拡大期～まん延期,1,,特定外来,
国外由来の外来種,総合的に対策が必要な外来種（総合対策外来種）,重点対策外来種,哺乳類,ノブタ・イノブタ（ブタ・イノブタの野生化したもの）,Sus scrofa,1,分布拡大期～まん延期,14,,,
国外由来の外来種,総合的に対策が必要な外来種（総合対策外来種）,重点対策外来種,哺乳類,シカ属（国内産ニホンジカを除く）,Cervus spp.,14,定着初期／限定分布,14,,特定外来,
国外由来の外来種,総合的に対策が必要な外来種（総合対策外来種）,重点対策外来種,哺乳類,シマリス,Tamias sibiricus,1,定着初期／限定分布？,1,,*,
国外由来の外来種,総合的に対策が必要な外来種（総合対策外来種）,重点対策外来種,哺乳類,ハツカネズミ,Mus musculus,3,分布拡大期～まん延期,14,,,
国外由来の外来種,総合的に対策が必要な外来種（総合対策外来種）,重点対策外来種,哺乳類,マスクラット,Ondatra ziberhicus,1,定着初期／限定分布,14,,特定外来,
国外由来の外来種,総合的に対策が必要な外来種（総合対策外来種）,重点対策外来種,哺乳類,ドブネズミ,Rattus norvegicus,13,分布拡大期～まん延期,1234,,,
国外由来の外来種,総合的に対策が必要な外来種（総合対策外来種）,重点対策外来種,鳥類,ガビチョウ,Garrulax canorus,1,分布拡大期～まん延期,1,,特定外来,
国外由来の外来種,総合的に対策が必要な外来種（総合対策外来種）,重点対策外来種,鳥類,カオグロガビチョウ,Garrulax perspicillatus,1,分布拡大期～まん延期,1,,特定外来,
国外由来の外来種,総合的に対策が必要な外来種（総合対策外来種）,重点対策外来種,鳥類,カオジロガビチョウ,Garrulax sannio,1,分布拡大期～まん延期,1,,特定外来,
国外由来の外来種,総合的に対策が必要な外来種（総合対策外来種）,重点対策外来種,鳥類,ソウシチョウ,Leiothrix lutea,1,分布拡大期～まん延期,1,,特定外来,
国外由来の外来種,総合的に対策が必要な外来種（総合対策外来種）,重点対策外来種,爬虫類,グリーンイグアナ,Iguana iguana,4,小笠原・南西諸島,12,,*,
国外由来の外来種,総合的に対策が必要な外来種（総合対策外来種）,重点対策外来種,両生類,チュウゴクオオサンショウウオ,Andrias davidianus,1,定着初期／限定分布,13,,,
国外由来の外来種,総合的に対策が必要な外来種（総合対策外来種）,重点対策外来種,両生類,ウシガエル,Rana catesbeiana（Lithobates catesbeianus),1,分布拡大期～まん延期,13,,特定外来,
国外由来の外来種,総合的に対策が必要な外来種（総合対策外来種）,重点対策外来種,両生類,シロアゴガエル,Polypedates leucomystax,12,小笠原・南西諸島,123,,特定外来,
国外由来の外来種,総合的に対策が必要な外来種（総合対策外来種）,重点対策外来種,魚類,タイリクバラタナゴ,Rhodeus ocellatus ocellatus,12,分布拡大期～まん延期,123,,*,
国外由来の外来種,総合的に対策が必要な外来種（総合対策外来種）,重点対策外来種,魚類,カダヤシ,Gambusia affinis,1,分布拡大期～まん延期,13,,特定外来,
国外由来の外来種,総合的に対策が必要な外来種（総合対策外来種）,重点対策外来種,昆虫類,ホソオチョウ（ホソオアゲハ）,Sericinus montela,1,分布拡大期～まん延期,1,,*,
国外由来の外来種,総合的に対策が必要な外来種（総合対策外来種）,重点対策外来種,昆虫類,アカボシゴマダラ大陸亜種（名義タイプ亜種）,Hestina assimilis assimilis,1,分布拡大期～まん延期,1,,*,
国外由来の外来種,総合的に対策が必要な外来種（総合対策外来種）,重点対策外来種,昆虫類,カンショオサゾウムシ,Rhabdoscelus obscurus,123,小笠原・南西諸島,124,,,
国外由来の外来種,総合的に対策が必要な外来種（総合対策外来種）,重点対策外来種,その他の無脊椎動物,スクミリンゴガイ,Pomacea canaliculata,3,分布拡大期～まん延期,4,,*,
国外由来の外来種,総合的に対策が必要な外来種（総合対策外来種）,重点対策外来種,その他の無脊椎動物,ラプラタリンゴガイ,Pomacea insulaｒum,3,分布拡大期～まん延期,4,,,
国外由来の外来種,総合的に対策が必要な外来種（総合対策外来種）,重点対策外来種,その他の無脊椎動物,アフリカマイマイ,Achatina fulica,123,定着初期／限定分布,1234,,*,
国外由来の外来種,総合的に対策が必要な外来種（総合対策外来種）,重点対策外来種,その他の無脊椎動物,ヨーロッパザラボヤ,Ascidiella aspersa,3,定着初期／限定分布,4,,,
国外由来の外来種,総合的に対策が必要な外来種（総合対策外来種）,重点対策外来種,その他の無脊椎動物,ヤマヒタチオビ,Euglandina rosea,12,小笠原・南西諸島,12,,特定外来,
国外由来の外来種,総合的に対策が必要な外来種（総合対策外来種）,その他の総合対策外来種,哺乳類,リスザル,Saimiri sciureus,4,定着初期／限定分布？,,,*,
国外由来の外来種,総合的に対策が必要な外来種（総合対策外来種）,その他の総合対策外来種,鳥類,コリンウズラ,Colinus virginianus,1,定着初期／限定分布,,,*,
国外由来の外来種,総合的に対策が必要な外来種（総合対策外来種）,その他の総合対策外来種,鳥類,コウライキジ（大陸産亜種）,Phasianus colchicus karpowi,3,分布拡大期～まん延期,,,,
国外由来の外来種,総合的に対策が必要な外来種（総合対策外来種）,その他の総合対策外来種,鳥類,コブハクチョウ,Cygnus olor,1,定着初期／限定分布,,,,
国外由来の外来種,総合的に対策が必要な外来種（総合対策外来種）,その他の総合対策外来種,鳥類,クロエリセイタカシギ,Himantopus mexicanus,1,分布拡大期～まん延期,,,*,
国外由来の外来種,総合的に対策が必要な外来種（総合対策外来種）,その他の総合対策外来種,鳥類,ワカケホンセイインコ,Psittacula krameri manillensis,1,定着初期／限定分布,,,,
国外由来の外来種,総合的に対策が必要な外来種（総合対策外来種）,その他の総合対策外来種,鳥類,シロガシラ,Pycnonotus sinensis ssp.,3,分布拡大期～まん延期,,,,
国外由来の外来種,総合的に対策が必要な外来種（総合対策外来種）,その他の総合対策外来種,鳥類,ヒゲガビチョウ,Garrulax cineraceus,4,分布拡大期～まん延期,,,未判定,
国外由来の外来種,総合的に対策が必要な外来種（総合対策外来種）,その他の総合対策外来種,爬虫類,ミナミイシガメ,Mauremys mutica mutica,4,定着初期／限定分布,,,,
国外由来の外来種,総合的に対策が必要な外来種（総合対策外来種）,その他の総合対策外来種,爬虫類,チュウゴクスッポン,Pelodiscus sinensis sinensis,1,定着初期／限定分布,,,*,
国外由来の外来種,総合的に対策が必要な外来種（総合対策外来種）,その他の総合対策外来種,爬虫類,スインホーキノボリトカゲ,Japalura swinhonis,4,定着初期／限定分布,,,,
国外由来の外来種,総合的に対策が必要な外来種（総合対策外来種）,その他の総合対策外来種,両生類,アフリカツメガエル,Xenopus laevis,4,定着初期／限定分布,,,*,
国外由来の外来種,総合的に対策が必要な外来種（総合対策外来種）,その他の総合対策外来種,魚類,オオタナゴ,Acheliognathus macropterus,1,定着初期／限定分布,,,*,
国外由来の外来種,総合的に対策が必要な外来種（総合対策外来種）,その他の総合対策外来種,魚類,ハクレン,Hypophthalmichthys molitrix,1,定着初期／限定分布,,,,
国外由来の外来種,総合的に対策が必要な外来種（総合対策外来種）,その他の総合対策外来種,魚類,コクレン,Aristichthys nobilis,1,定着初期／限定分布,,,,
国外由来の外来種,総合的に対策が必要な外来種（総合対策外来種）,その他の総合対策外来種,魚類,ソウギョ,Ctenopharhyngodon idellus,1,定着初期／限定分布,,,*,
国外由来の外来種,総合的に対策が必要な外来種（総合対策外来種）,その他の総合対策外来種,魚類,アオウオ,Mylopharyngodon piceus,14,定着初期／限定分布,,,*,
国外由来の外来種,総合的に対策が必要な外来種（総合対策外来種）,その他の総合対策外来種,魚類,カラドジョウ,Paramisgurnus dabryanus,14,分布拡大期～まん延期,,,*,
国外由来の外来種,総合的に対策が必要な外来種（総合対策外来種）,その他の総合対策外来種,魚類,コウライギギ,Pseudobagrus fulvidraco,4,定着初期／限定分布,,,,
国外由来の外来種,総合的に対策が必要な外来種（総合対策外来種）,その他の総合対策外来種,魚類,カワマス,Salvelinus fontinalis,1,定着初期／限定分布,,,*,
国外由来の外来種,総合的に対策が必要な外来種（総合対策外来種）,その他の総合対策外来種,魚類,ペヘレイ,Odontesthes bonariensis,14,定着初期／限定分布,,,,
国外由来の外来種,総合的に対策が必要な外来種（総合対策外来種）,その他の総合対策外来種,魚類,カワスズメ,Oreochromis mossambicus,1,定着初期／限定分布,,,*,
国外由来の外来種,総合的に対策が必要な外来種（総合対策外来種）,その他の総合対策外来種,魚類,ナイルティラピア,Oreochromis niloticus,1,定着初期／限定分布,,,*,
国外由来の外来種,総合的に対策が必要な外来種（総合対策外来種）,その他の総合対策外来種,魚類,ジルティラピア,Tilapia zillii,1,定着初期／限定分布,,,,
国外由来の外来種,総合的に対策が必要な外来種（総合対策外来種）,その他の総合対策外来種,魚類,パ－ルダニオ,Danio albolineatus,14,小笠原・南西諸島,,,,
国外由来の外来種,総合的に対策が必要な外来種（総合対策外来種）,その他の総合対策外来種,魚類,ゼブラダニオ,Danio rerio,14,小笠原・南西諸島,,,,
国外由来の外来種,総合的に対策が必要な外来種（総合対策外来種）,その他の総合対策外来種,魚類,アカヒレ,Tanichthys albonubes,14,小笠原・南西諸島,,,,
国外由来の外来種,総合的に対策が必要な外来種（総合対策外来種）,その他の総合対策外来種,魚類,スノープレコ,Pterygoplichthys anisitsi,14,小笠原・南西諸島,,,,
国外由来の外来種,総合的に対策が必要な外来種（総合対策外来種）,その他の総合対策外来種,魚類,マダラロリカリア,Pterygoplichthys disjunctivus,1,小笠原・南西諸島,,,*,
国外由来の外来種,総合的に対策が必要な外来種（総合対策外来種）,その他の総合対策外来種,魚類,アマゾンセイルフィンキャットフィッシュ,Pterygoplichthys pardalis,14,小笠原・南西諸島,,,,
国外由来の外来種,総合的に対策が必要な外来種（総合対策外来種）,その他の総合対策外来種,魚類,ウォーキングキャットフィッシュ,Clarias batrachus,1,小笠原・南西諸島,,,*,
国外由来の外来種,総合的に対策が必要な外来種（総合対策外来種）,その他の総合対策外来種,魚類,ヒレナマズ,Clarias fuscus,14,小笠原・南西諸島,,,,
国外由来の外来種,総合的に対策が必要な外来種（総合対策外来種）,その他の総合対策外来種,魚類,ソ－ドテ－ル,Xiphophorus hellerii,14,小笠原・南西諸島,,,,
国外由来の外来種,総合的に対策が必要な外来種（総合対策外来種）,その他の総合対策外来種,魚類,グッピ－,Poecilia reticulata,1,小笠原・南西諸島,,,*,
国外由来の外来種,総合的に対策が必要な外来種（総合対策外来種）,その他の総合対策外来種,魚類,インディアングラスフィッシュ,Pseudambassis ranga,1,小笠原・南西諸島,,,,
国外由来の外来種,総合的に対策が必要な外来種（総合対策外来種）,その他の総合対策外来種,魚類,コンウ゛ィクトシクリッド,Cichlasoma nigrofasciatum,1,小笠原・南西諸島,,,,
国外由来の外来種,総合的に対策が必要な外来種（総合対策外来種）,その他の総合対策外来種,魚類,ブルーティラピア,Oreochromis aureus,1,小笠原・南西諸島,,,,
国外由来の外来種,総合的に対策が必要な外来種（総合対策外来種）,その他の総合対策外来種,昆虫類,シロテンハナムグリ台湾亜種（サカイシロテンハナムグリ）,Protaetia orientalis sakaii,1,定着初期／限定分布,,,*,
国外由来の外来種,総合的に対策が必要な外来種（総合対策外来種）,その他の総合対策外来種,昆虫類,クビアカツヤカミキリ（クロジャコウカミキリ）,Aromia bungii,4,定着初期／限定分布,,,,
国外由来の外来種,総合的に対策が必要な外来種（総合対策外来種）,その他の総合対策外来種,昆虫類,フェモラータオオモモブトハムシ,Sagra femorata,4,定着初期／限定分布,,,,
国外由来の外来種,総合的に対策が必要な外来種（総合対策外来種）,その他の総合対策外来種,昆虫類,チャイロネッタイスズバチ,Delta pyriforme,4,小笠原・南西諸島,,,*,
国外由来の外来種,総合的に対策が必要な外来種（総合対策外来種）,その他の総合対策外来種,昆虫類,ナンヨウチビアシナガバチ,Ropalidia marginata,4,小笠原・南西諸島,,,*,
国外由来の外来種,総合的に対策が必要な外来種（総合対策外来種）,その他の総合対策外来種,陸生節足動物,ヤンバルトサカヤスデ,Chamberlinius hualienensis,4,分布拡大期～まん延期,,,,
国外由来の外来種,総合的に対策が必要な外来種（総合対策外来種）,その他の総合対策外来種,その他の無脊椎動物,マツノザイセンチュウ,Bursaphelenchus xylophilus,13,分布拡大期～まん延期,,,,
国外由来の外来種,総合的に対策が必要な外来種（総合対策外来種）,その他の総合対策外来種,その他の無脊椎動物,シマメノウフネガイ,Crepidula onyx,4,分布拡大期～まん延期,,,,
国外由来の外来種,総合的に対策が必要な外来種（総合対策外来種）,その他の総合対策外来種,その他の無脊椎動物,コモチカワツボ,Potamopyrgus antipodarum,4,分布拡大期～まん延期,,,,
国外由来の外来種,総合的に対策が必要な外来種（総合対策外来種）,その他の総合対策外来種,その他の無脊椎動物,カラムシロ,Nassarius sinarus,13,定着初期／限定分布,,,*,
国外由来の外来種,総合的に対策が必要な外来種（総合対策外来種）,その他の総合対策外来種,その他の無脊椎動物,ハブタエモノアラガイ,Lymnaea columella,4,分布拡大期～まん延期,,,,
国外由来の外来種,総合的に対策が必要な外来種（総合対策外来種）,その他の総合対策外来種,その他の無脊椎動物,オオクビキレガイ,Rumina decollata,4,分布拡大期～まん延期,,,,
国外由来の外来種,総合的に対策が必要な外来種（総合対策外来種）,その他の総合対策外来種,その他の無脊椎動物,マダラコウラナメクジ,Limax maximus,4,定着初期／限定分布,,,,
国外由来の外来種,総合的に対策が必要な外来種（総合対策外来種）,その他の総合対策外来種,その他の無脊椎動物,ムラサキイガイ,Mytilus galloprovincialis,13,分布拡大期～まん延期,,,*,
国外由来の外来種,総合的に対策が必要な外来種（総合対策外来種）,その他の総合対策外来種,その他の無脊椎動物,ミドリイガイ,Perna viridis,13,分布拡大期～まん延期,,,*,
国外由来の外来種,総合的に対策が必要な外来種（総合対策外来種）,その他の総合対策外来種,その他の無脊椎動物,コウロエンカワヒバリガイ,Xenostrobus securis,13,分布拡大期～まん延期,,,*,
国外由来の外来種,総合的に対策が必要な外来種（総合対策外来種）,その他の総合対策外来種,その他の無脊椎動物,タイワンシジミ,Corbicula fluminea,1,分布拡大期～まん延期,,,*,
国外由来の外来種,総合的に対策が必要な外来種（総合対策外来種）,その他の総合対策外来種,その他の無脊椎動物,イガイダマシ,Mytilopsis sallei,13,分布拡大期～まん延期,,,*,
国外由来の外来種,総合的に対策が必要な外来種（総合対策外来種）,その他の総合対策外来種,その他の無脊椎動物,ホンビノスガイ,Mercenaria mercenaria,4,定着初期／限定分布,,,,
国外由来の外来種,総合的に対策が必要な外来種（総合対策外来種）,その他の総合対策外来種,その他の無脊椎動物,シナハマグリ,Meretrix petechialis,13,定着初期／限定分布,,,*,
国外由来の外来種,総合的に対策が必要な外来種（総合対策外来種）,その他の総合対策外来種,その他の無脊椎動物,カニヤドリカンザシ,Ficopomatus enigmaticus,13,分布拡大期～まん延期,,,*,
国外由来の外来種,総合的に対策が必要な外来種（総合対策外来種）,その他の総合対策外来種,その他の無脊椎動物,カサネカンザシ,Hydroides elegans,3,分布拡大期～まん延期,,,*,
国外由来の外来種,総合的に対策が必要な外来種（総合対策外来種）,その他の総合対策外来種,その他の無脊椎動物,タテジマフジツボ,Amphibalanus amphitrite,3,分布拡大期～まん延期,,,*,
国外由来の外来種,総合的に対策が必要な外来種（総合対策外来種）,その他の総合対策外来種,その他の無脊椎動物,アメリカフジツボ,Amphibalanus eburneus,4,分布拡大期～まん延期,,,,
国外由来の外来種,総合的に対策が必要な外来種（総合対策外来種）,その他の総合対策外来種,その他の無脊椎動物,ヨーロッパフジツボ,Amphibalanus improvisus,4,分布拡大期～まん延期,,,,
国外由来の外来種,総合的に対策が必要な外来種（総合対策外来種）,その他の総合対策外来種,その他の無脊椎動物,キタアメリカフジツボ,Balanus glandula,4,分布拡大期～まん延期,,,,
国外由来の外来種,総合的に対策が必要な外来種（総合対策外来種）,その他の総合対策外来種,その他の無脊椎動物,フロリダマミズヨコエビ,Cragonyx floridanus,4,分布拡大期～まん延期,,,,
国外由来の外来種,総合的に対策が必要な外来種（総合対策外来種）,その他の総合対策外来種,その他の無脊椎動物,チチュウカイミドリガニ,Carcinus aestuarii,4,分布拡大期～まん延期,,,*,
国外由来の外来種,適切な管理が必要な産業上重要な外来種（産業管理外来種）,,魚類,ニジマス,Oncorhynchus mykiss,1,分布拡大期～まん延期,,,*,
国外由来の外来種,適切な管理が必要な産業上重要な外来種（産業管理外来種）,,魚類,ブラウントラウト,Salmo trutta,1,分布拡大期～まん延期,,,*,
国外由来の外来種,適切な管理が必要な産業上重要な外来種（産業管理外来種）,,魚類,レイクトラウト,Salvelinus namaycush,1,定着初期／限定分布,,,,
国外由来の外来種,適切な管理が必要な産業上重要な外来種（産業管理外来種）,,昆虫類,セイヨウオオマルハナバチ,Bombus terrestris,1,定着初期／限定分布,,,特定外来,
国内由来の外来種、国内に自然分布域を持つ国外由来の外来種,総合的に対策が必要な外来種（総合対策外来種）,緊急対策外来種,哺乳類,ニホンイタチ,Mustela itatsi,13,国内由来の外来種,1,5,,伊豆諸島など
国内由来の外来種、国内に自然分布域を持つ国外由来の外来種,総合的に対策が必要な外来種（総合対策外来種）,重点対策外来種,哺乳類,タヌキ,Nyctereutes procyonoides,13,国内由来の外来種,1,,,奥尻島・屋久島
国内由来の外来種、国内に自然分布域を持つ国外由来の外来種,総合的に対策が必要な外来種（総合対策外来種）,重点対策外来種,哺乳類,テン,Martes melampus,1,国内由来の外来種,1,,,北海道・佐渡
国内由来の外来種、国内に自然分布域を持つ国外由来の外来種,総合的に対策が必要な外来種（総合対策外来種）,重点対策外来種,哺乳類,チョウセンイタチ,Mustela sibirica,1,国内由来の外来種,1,,,対馬以外
国内由来の外来種、国内に自然分布域を持つ国外由来の外来種,総合的に対策が必要な外来種（総合対策外来種）,重点対策外来種,哺乳類,ニホンイノシシ,Sus scrofa leucomystax,13,国内由来の外来種,12,,,徳之島など
国内由来の外来種、国内に自然分布域を持つ国外由来の外来種,総合的に対策が必要な外来種（総合対策外来種）,重点対策外来種,哺乳類,ニホンジカ,Cervus nippon,13,国内由来の外来種,14,,,新島など
国内由来の外来種、国内に自然分布域を持つ国外由来の外来種,総合的に対策が必要な外来種（総合対策外来種）,重点対策外来種,爬虫類,ヤエヤマセマルハコガメ,Cuora flavomarginata evelynae,1,国内由来の外来種,23,,,沖縄諸島
国内由来の外来種、国内に自然分布域を持つ国外由来の外来種,総合的に対策が必要な外来種（総合対策外来種）,重点対策外来種,爬虫類,ヤエヤマイシガメ,Mauremyｓ mutica kami,1,国内由来の外来種,23,,,沖縄諸島及び宮古諸島
国内由来の外来種、国内に自然分布域を持つ国外由来の外来種,総合的に対策が必要な外来種（総合対策外来種）,重点対策外来種,爬虫類,ニホンスッポン,Pelodiscus sinensis japonicus,4,国内由来の外来種,12,,,琉球列島
国内由来の外来種、国内に自然分布域を持つ国外由来の外来種,総合的に対策が必要な外来種（総合対策外来種）,重点対策外来種,爬虫類,オキナワキノボリトカゲ,Japalura polygonata polygonata,4,国内由来の外来種,1,,,九州
国内由来の外来種、国内に自然分布域を持つ国外由来の外来種,総合的に対策が必要な外来種（総合対策外来種）,重点対策外来種,爬虫類,ニホントカゲ,Plestiodon japonicus,1,国内由来の外来種,13,,,伊豆諸島
国内由来の外来種、国内に自然分布域を持つ国外由来の外来種,総合的に対策が必要な外来種（総合対策外来種）,重点対策外来種,両生類,アズマヒキガエル,Bufo japonicus formosus,1,国内由来の外来種,12,,,伊豆諸島など
国内由来の外来種、国内に自然分布域を持つ国外由来の外来種,総合的に対策が必要な外来種（総合対策外来種）,重点対策外来種,両生類,ヌマガエル,Fejervarya kawamurai,4,国内由来の外来種,1,,,関東以北及び島
国内由来の外来種、国内に自然分布域を持つ国外由来の外来種,総合的に対策が必要な外来種（総合対策外来種）,重点対策外来種,その他の無脊椎動物,サキグロタマツメタ,Euspira fortunei,13,国内に自然分布域を持つ国外由来の外来種,14,,,自然分布域外
国内由来の外来種、国内に自然分布域を持つ国外由来の外来種,総合的に対策が必要な外来種（総合対策外来種）,その他の総合対策外来種,魚類,ハス,Opsarichthys uncirostris uncirostris,1,国内由来の外来種,,,,琵琶湖・淀川以外
国内由来の外来種、国内に自然分布域を持つ国外由来の外来種,総合的に対策が必要な外来種（総合対策外来種）,その他の総合対策外来種,魚類,モツゴ,Pseudorasbora parva,12,国内由来の外来種,,,,東北地方など
国内由来の外来種、国内に自然分布域を持つ国外由来の外来種,総合的に対策が必要な外来種（総合対策外来種）,その他の総合対策外来種,魚類,ギギ,Tachysurus nudiceps,4,国内由来の外来種,,,,九州北西部及び東海・北陸地方以東
国内由来の外来種、国内に自然分布域を持つ国外由来の外来種,総合的に対策が必要な外来種（総合対策外来種）,その他の総合対策外来種,魚類,オヤニラミ,Coreoperca kawamebari,4,国内由来の外来種,,,,近畿地方以東
国内由来の外来種、国内に自然分布域を持つ国外由来の外来種,総合的に対策が必要な外来種（総合対策外来種）,その他の総合対策外来種,昆虫類,リュウキュウツヤハナムグリ,Protaetia pryeri,4,国内由来の外来種,,,,伊豆諸島など
国内由来の外来種、国内に自然分布域を持つ国外由来の外来種,総合的に対策が必要な外来種（総合対策外来種）,その他の総合対策外来種,昆虫類,カブトムシ,Trypoxylus dichotomus septentrionalis,1,国内由来の外来種,,,,北海道・沖縄（本土亜種）`;
